Id,GreenScore
TS001,0.9999933596502782
TS002,0.9999933596502782
TS003,0.9999933596502782
