Id,GreenScore
TS001,0.9664873944559804
TS002,0.6818033986693857
TS003,1.0479479598129762
